a. a. name	atom first	atom second	rotatable
SER   N		CA   no
SER   CA	C    no
SER   C		O    no
SER   CA	CB   yes
SER   CB	OG   no
ARG   N		CA   no
ARG   CA	C    no
ARG   C		O    no
ARG   CA	CB   yes
ARG   CB	CG   yes
ARG   CG	CD   yes
ARG   CD	NE   yes
ARG   NE	CZ   no
ARG   CZ	NH1  no
ARG   CZ	NH2  no
HIS   N		CA   no
HIS   CA	C    no
HIS   C		O    no
HIS   CA	CB   yes
HIS   CB	CG   yes
HIS   CG	ND1  no
HIS   CG	CD2  no
HIS   ND1	CE1  no
HIS   CD2	NE2  no
HIS   CE1	NE2  no
LYS   N		CA   no
LYS   CA	C    no
LYS   C		O    no
LYS   CA	CB   yes
LYS   CB	CG   yes
LYS   CG	CD   yes
LYS   CD	CE   yes
LYS   CE	NZ   no
ASP   N		CA   no
ASP   CA	C    no
ASP   C		O    no
ASP   CA	CB   yes
ASP   CB	CG   yes
ASP   CG	OD1  no
ASP   CG	OD2  no
GLU   N		CA   no
GLU   CA	C    no
GLU   C		O    no
GLU   CA	CB   yes
GLU   CB	CG   yes
GLU   CG	CD   yes
GLU   CD	OE1  no
GLU   CD	OE2  no
CYS   N		CA   no
CYS   CA	C    no
CYS   C		O    no
CYS   CA	CB   yes
CYS   CB	SG   no
GLY   N		CA   no
GLY   CA	C    no
GLY   C		O    no
PRO   N		CA   no
PRO   CA	C    no
PRO   C		O    no
PRO   CA	CB   no
PRO   CB	CG   no
PRO   CG	CD   no
PRO   CD	N    no
ALA   N		CA   no
ALA   CA	C    no
ALA   C		O    no
ALA   CA	CB   no
VAL   N		CA   no
VAL   CA	C    no
VAL   C		O    no
VAL   CA	CB   yes
VAL   CB	CG1  no
VAL   CB	CG2  no
ILE   N		CA   no
ILE   CA	C    no
ILE   C		O    no
ILE   CA	CB   yes
ILE   CB	CG1  yes
ILE   CB	CG2  no
ILE   CG1	CD1  no
LEU   N		CA   no
LEU   CA	C    no
LEU   C		O    no
LEU   CA	CB   yes
LEU   CB	CG   yes
LEU   CG	CD1  no
LEU   CG	CD2  no
MET   N		CA   no
MET   CA	C    no
MET   C		O    no
MET   CA	CB   yes
MET   CB	CG   yes
MET   CG	SD   yes
MET   SD	CE   no
PHE   N		CA   no
PHE   CA	C    no
PHE   C		O    no
PHE   CA	CB   yes
PHE   CB	CG   yes
PHE   CG	CD1  no
PHE   CD1	CE1  no
PHE   CE1	CZ   no
PHE   CZ	CE2  no
PHE   CE2	CD2  no
PHE   CG	CD2  no
TYR   N		CA   no
TYR   CA	C    no
TYR   C		O    no
TYR   CA	CB   yes
TYR   CB	CG   yes
TYR   CG	CD1  no
TYR   CD1	CE1  no
TYR   CE1	CZ   no
TYR   CZ	CE2  no
TYR   CE2	CD2  no
TYR   CG	CD2  no
TYR   CZ	OH   no
TRP   N		CA   no
TRP   CA	C    no
TRP   C		O    no
TRP   CA	CB   yes
TRP   CB	CG   yes
TRP   CG	CD1  no
TRP   CG	CD2  no
TRP   CD1	NE1  no
TRP   NE1	CE2  no
TRP   CE2	CD2  no
TRP   CE2	CZ2  no
TRP   CZ2	CH2  no
TRP   CH2	CZ3  no
TRP   CZ3	CE3  no
TRP   CE3	CD2  no
THR   N		CA   no
THR   CA	C    no
THR   C		O    no
THR   CA	CB   yes
THR   CB	OG1  no
THR   CB	CG2  no
ASN   N		CA   no
ASN   CA	C    no
ASN   C		O    no
ASN   CA	CB   yes
ASN   CB	CG   yes
ASN   CG	OD1  no
ASN   CG	ND2  no
GLN   N		CA   no
GLN   CA	C    no
GLN   C		O    no
GLN   CA	CB   yes
GLN   CB	CG   yes
GLN   CG	CD   yes
GLN   CD	OE1  no
GLN   CD	NE2  no
